{
  "createOrReplace": {
    "object": {
      "database": "ncino_credit_app_template"
    },
    "database": {
      "name": "ncino_credit_app_template",
      "compatibilityLevel": 1600,
      "model": {
        "name": "ncino_credit_app_template",
        "culture": "en-US",
        "tables": [
          {
            "name": "stages",
            "columns": [
              {
                "name": "StageKey",
                "dataType": "int64"
              },
              {
                "name": "StageName",
                "dataType": "string"
              },
              {
                "name": "StageOrder",
                "dataType": "int64"
              },
              {
                "name": "SLA_Days",
                "dataType": "int64"
              },
              {
                "name": "IsTerminal",
                "dataType": "boolean"
              }
            ],
            "partitions": [
              {
                "name": "stages",
                "source": {
                  "type": "m",
                  "expression": "let\n  Path = \"C:\\\\ncino-sample\\\\\",\n  Source = Csv.Document(File.Contents(Path & \"stages.csv\"), [Delimiter=\",\", Encoding=65001, QuoteStyle=QuoteStyle.Csv]),\n  Promoted = Table.PromoteHeaders(Source, [PromoteAllScalars=true]),\n  Changed = Table.TransformColumnTypes(Promoted,{\n    {\"StageKey\", Int64.Type},\n    {\"StageName\", type text},\n    {\"StageOrder\", Int64.Type},\n    {\"SLA_Days\", Int64.Type},\n    {\"IsTerminal\", type logical}\n  })\nin\n  Changed\n"
                }
              }
            ]
          },
          {
            "name": "applications",
            "columns": [
              {
                "name": "ApplicationID",
                "dataType": "string"
              },
              {
                "name": "SubmittedDate",
                "dataType": "dateTime"
              },
              {
                "name": "Product",
                "dataType": "string"
              },
              {
                "name": "Channel",
                "dataType": "string"
              },
              {
                "name": "Branch",
                "dataType": "string"
              },
              {
                "name": "ApplicantType",
                "dataType": "string"
              },
              {
                "name": "Decision",
                "dataType": "string"
              },
              {
                "name": "DecisionDate",
                "dataType": "dateTime"
              },
              {
                "name": "FundedDate",
                "dataType": "dateTime"
              }
            ],
            "partitions": [
              {
                "name": "applications",
                "source": {
                  "type": "m",
                  "expression": "let\n  Path = \"C:\\\\ncino-sample\\\\\",\n  Source = Csv.Document(File.Contents(Path & \"applications.csv\"), [Delimiter=\",\", Encoding=65001, QuoteStyle=QuoteStyle.Csv]),\n  Promoted = Table.PromoteHeaders(Source, [PromoteAllScalars=true]),\n  Changed = Table.TransformColumnTypes(Promoted,{\n    {\"ApplicationID\", type text},\n    {\"SubmittedDate\", type datetime},\n    {\"Product\", type text},\n    {\"Channel\", type text},\n    {\"Branch\", type text},\n    {\"ApplicantType\", type text},\n    {\"Decision\", type text},\n    {\"DecisionDate\", type datetime},\n    {\"FundedDate\", type datetime}\n  })\nin\n  Changed\n"
                }
              }
            ]
          },
          {
            "name": "stage_history",
            "columns": [
              {
                "name": "ApplicationID",
                "dataType": "string"
              },
              {
                "name": "StageKey",
                "dataType": "int64"
              },
              {
                "name": "EnteredAt",
                "dataType": "dateTime"
              },
              {
                "name": "ExitedAt",
                "dataType": "dateTime"
              }
            ],
            "partitions": [
              {
                "name": "stage_history",
                "source": {
                  "type": "m",
                  "expression": "let\n  Path = \"C:\\\\ncino-sample\\\\\",\n  Source = Csv.Document(File.Contents(Path & \"stage_history.csv\"), [Delimiter=\",\", Encoding=65001, QuoteStyle=QuoteStyle.Csv]),\n  Promoted = Table.PromoteHeaders(Source, [PromoteAllScalars=true]),\n  Changed = Table.TransformColumnTypes(Promoted,{\n    {\"ApplicationID\", type text},\n    {\"StageKey\", Int64.Type},\n    {\"EnteredAt\", type datetime},\n    {\"ExitedAt\", type datetime}\n  })\nin\n  Changed\n"
                }
              }
            ]
          },
          {
            "name": "KPI",
            "calculationItems": [],
            "columns": [
              {
                "name": "Hold",
                "dataType": "string",
                "isHidden": true
              }
            ],
            "partitions": [
              {
                "name": "KPI",
                "source": {
                  "type": "calculated",
                  "expression": "DATATABLE(\"Hold\", STRING, {{\".\"}})"
                }
              }
            ],
            "measures": [
              {
                "name": "Stage Days",
                "expression": "SUMX(\n  stage_history,\n  VAR endDt = COALESCE(stage_history[ExitedAt], NOW())\n  RETURN DATEDIFF(stage_history[EnteredAt], endDt, DAY)\n)"
              },
              {
                "name": "Avg Stage Days",
                "expression": "DIVIDE([Stage Days], DISTINCTCOUNT(stage_history[ApplicationID]))"
              },
              {
                "name": "Reached Stage Apps",
                "expression": "DISTINCTCOUNT(stage_history[ApplicationID])"
              },
              {
                "name": "Total Apps",
                "expression": "DISTINCTCOUNT(applications[ApplicationID])"
              },
              {
                "name": "Active WIP",
                "expression": "VAR appsInScope =\n    FILTER(\n        ALLSELECTED(applications),\n        ISBLANK(applications[Decision])\n    )\nRETURN COUNTROWS(SUMMARIZE(appsInScope, applications[ApplicationID]))"
              },
              {
                "name": "Cycle Time Days",
                "expression": "AVERAGEX(\n  VALUES(applications[ApplicationID]),\n  VAR startDt = CALCULATE(SELECTEDVALUE(applications[SubmittedDate]))\n  VAR endDt   = COALESCE(CALCULATE(SELECTEDVALUE(applications[DecisionDate])), TODAY())\n  RETURN DATEDIFF(startDt, endDt, DAY)\n)"
              },
              {
                "name": "SLA Breaches",
                "expression": "COUNTROWS(\n  FILTER(\n    stage_history,\n    VAR endDt = COALESCE(stage_history[ExitedAt], NOW())\n    VAR days  = DATEDIFF(stage_history[EnteredAt], endDt, DAY)\n    RETURN days > RELATED(stages[SLA_Days])\n  )\n)"
              },
              {
                "name": "SLA Breach Rate",
                "expression": "DIVIDE([SLA Breaches], COUNTROWS(stage_history))"
              },
              {
                "name": "Drop-off %",
                "expression": "VAR currentOrder = MIN(stages[StageOrder])\nVAR prevOrder    = currentOrder - 1\nVAR prevApps =\n    CALCULATE(\n        DISTINCTCOUNT(stage_history[ApplicationID]),\n        ALL(stages),\n        FILTER(ALL(stages), stages[StageOrder] = prevOrder)\n    )\nRETURN IF(prevApps = 0, BLANK(), 1 - DIVIDE([Reached Stage Apps], prevApps))"
              }
            ]
          },
          {
            "name": "Date",
            "partitions": [
              {
                "name": "Date",
                "source": {
                  "type": "calculated",
                  "expression": "VAR minDate = DATE(2025,1,1)\nVAR maxDate = TODAY()+30\nRETURN CALENDAR(minDate, maxDate)"
                }
              }
            ],
            "columns": [
              {
                "name": "Date",
                "dataType": "dateTime",
                "formatString": "General Date"
              },
              {
                "name": "Year",
                "dataType": "int64",
                "expression": "YEAR('Date'[Date])"
              },
              {
                "name": "Month",
                "dataType": "string",
                "expression": "FORMAT('Date'[Date], \"YYYY-MM\")"
              },
              {
                "name": "IsBusinessDay",
                "dataType": "boolean",
                "expression": "WEEKDAY('Date'[Date],2) <= 5"
              }
            ]
          }
        ],
        "relationships": [
          {
            "name": "stage_history_applications",
            "fromTable": "stage_history",
            "fromColumn": "ApplicationID",
            "toTable": "applications",
            "toColumn": "ApplicationID",
            "isActive": true,
            "crossFilteringBehavior": "oneDirection"
          },
          {
            "name": "stage_history_stages",
            "fromTable": "stage_history",
            "fromColumn": "StageKey",
            "toTable": "stages",
            "toColumn": "StageKey",
            "isActive": true,
            "crossFilteringBehavior": "oneDirection"
          }
        ],
        "roles": []
      }
    }
  }
}