ApplicationID,SubmittedDate,Product,Channel,Branch,ApplicantType,Decision,DecisionDate,FundedDate
A0001,2025-08-15 09:00:00,Travel Preferred,Mobile,Uptown,Individual,Approved,2025-08-24 17:00:00,2025-08-25 14:00:00
A0002,2025-08-14 10:00:00,Travel Preferred,Call Center,Downtown,Individual,Approved,2025-08-21 18:00:00,2025-08-31 07:00:00
A0003,2025-08-30 09:00:00,Travel Preferred,Online,Eastside,Individual,Approved,2025-09-02 15:00:00,2025-09-05 13:00:00
A0004,2025-09-05 09:00:00,Visa Platinum,Call Center,Westside,Joint,Approved,2025-09-08 14:00:00,2025-09-10 15:00:00
A0005,2025-09-13 10:00:00,Visa Platinum,Call Center,Downtown,Joint,Declined,2025-09-18 08:00:00,
A0006,2025-09-03 09:00:00,Travel Preferred,Call Center,Downtown,Joint,Approved,2025-09-05 08:00:00,2025-09-21 14:00:00
A0007,2025-09-07 14:00:00,Travel Preferred,Online,Downtown,Individual,Approved,2025-09-12 17:00:00,2025-09-14 11:00:00
A0008,2025-09-07 10:00:00,Visa Platinum,Branch,Eastside,Joint,Approved,2025-09-13 06:00:00,2025-09-16 21:00:00
A0009,2025-09-16 11:00:00,Cash Rewards,Mobile,Uptown,Small Business,Approved,2025-09-26 05:00:00,2025-10-07 09:00:00
A0010,2025-08-10 11:00:00,Travel Preferred,Online,Uptown,Joint,Approved,2025-08-19 07:00:00,2025-08-19 23:00:00
A0011,2025-10-11 12:00:00,Travel Preferred,Mobile,Downtown,Individual,Declined,2025-10-16 23:00:00,
A0012,2025-09-10 15:00:00,Cash Rewards,Branch,Uptown,Small Business,Declined,2025-09-15 20:00:00,
A0013,2025-09-10 12:00:00,Travel Preferred,Call Center,Eastside,Small Business,Approved,2025-09-18 10:00:00,2025-09-25 18:00:00
A0014,2025-09-03 11:00:00,Visa Platinum,Mobile,Eastside,Small Business,Approved,2025-09-08 07:00:00,2025-09-13 23:00:00
A0015,2025-08-29 11:00:00,Travel Preferred,Call Center,Downtown,Individual,Declined,2025-09-01 03:00:00,
A0016,2025-08-20 11:00:00,Travel Preferred,Call Center,Downtown,Joint,Approved,2025-08-28 19:00:00,2025-09-01 11:00:00
A0017,2025-09-29 13:00:00,Travel Preferred,Branch,Downtown,Small Business,Declined,2025-10-06 13:00:00,
A0018,2025-09-04 14:00:00,Visa Platinum,Mobile,Eastside,Individual,Approved,2025-09-05 15:00:00,2025-09-09 02:00:00
A0019,2025-09-03 11:00:00,Travel Preferred,Branch,Westside,Small Business,Approved,2025-09-09 12:00:00,2025-09-13 14:00:00
A0020,2025-08-26 11:00:00,Cash Rewards,Online,Downtown,Small Business,Approved,2025-09-01 23:00:00,2025-09-08 15:00:00
A0021,2025-08-03 10:00:00,Cash Rewards,Mobile,Uptown,Individual,Approved,2025-08-13 09:00:00,2025-08-19 16:00:00
A0022,2025-10-12 10:00:00,Visa Platinum,Call Center,Downtown,Small Business,Declined,2025-10-16 11:00:00,
A0023,2025-08-17 16:00:00,Travel Preferred,Online,Westside,Small Business,Declined,2025-08-24 06:00:00,
A0024,2025-09-24 12:00:00,Travel Preferred,Online,Westside,Joint,Declined,2025-10-01 17:00:00,
A0025,2025-09-17 16:00:00,Travel Preferred,Call Center,Downtown,Individual,Approved,2025-09-28 16:00:00,2025-10-07 07:00:00
A0026,2025-09-13 09:00:00,Travel Preferred,Online,Uptown,Individual,Approved,2025-09-15 10:00:00,2025-09-19 14:00:00
A0027,2025-08-08 12:00:00,Visa Platinum,Branch,Westside,Individual,Approved,2025-08-13 23:00:00,2025-08-16 03:00:00
A0028,2025-09-05 16:00:00,Visa Platinum,Online,Eastside,Individual,Declined,2025-09-16 04:00:00,
A0029,2025-09-22 12:00:00,Visa Platinum,Branch,Eastside,Joint,Approved,2025-09-28 15:00:00,2025-09-30 18:00:00
A0030,2025-09-29 09:00:00,Travel Preferred,Branch,Downtown,Joint,Declined,2025-10-02 14:00:00,
A0031,2025-08-14 12:00:00,Visa Platinum,Online,Eastside,Individual,Approved,2025-08-17 18:00:00,2025-08-20 19:00:00
A0032,2025-09-05 16:00:00,Visa Platinum,Branch,Eastside,Small Business,Approved,2025-09-13 02:00:00,2025-09-14 09:00:00
A0033,2025-10-09 09:00:00,Visa Platinum,Online,Uptown,Joint,Approved,2025-10-18 10:00:00,2025-10-24 16:00:00
A0034,2025-08-28 15:00:00,Visa Platinum,Online,Eastside,Individual,Declined,2025-09-03 21:00:00,
A0035,2025-09-03 16:00:00,Cash Rewards,Call Center,Eastside,Individual,Approved,2025-09-08 23:00:00,2025-09-20 07:00:00
A0036,2025-08-28 09:00:00,Travel Preferred,Branch,Westside,Individual,Approved,2025-09-01 06:00:00,2025-09-09 06:00:00
A0037,2025-10-01 11:00:00,Visa Platinum,Branch,Uptown,Individual,Approved,2025-10-03 18:00:00,2025-10-06 08:00:00
A0038,2025-08-31 15:00:00,Visa Platinum,Online,Downtown,Small Business,Approved,2025-09-06 16:00:00,2025-09-08 09:00:00
A0039,2025-10-14 14:00:00,Cash Rewards,Online,Westside,Individual,Approved,2025-10-23 11:00:00,2025-10-25 17:00:00
A0040,2025-08-17 13:00:00,Cash Rewards,Mobile,Downtown,Individual,Approved,2025-08-26 15:00:00,2025-09-02 20:00:00
A0041,2025-10-12 10:00:00,Visa Platinum,Online,Westside,Individual,Declined,2025-10-19 01:00:00,
A0042,2025-08-09 12:00:00,Cash Rewards,Mobile,Uptown,Joint,Declined,2025-08-12 09:00:00,
A0043,2025-09-08 09:00:00,Travel Preferred,Mobile,Downtown,Individual,Approved,2025-09-23 13:00:00,2025-09-24 18:00:00
A0044,2025-08-14 11:00:00,Cash Rewards,Mobile,Uptown,Small Business,Approved,2025-08-31 12:00:00,2025-09-06 01:00:00
A0045,2025-09-03 16:00:00,Cash Rewards,Branch,Downtown,Small Business,Approved,2025-09-08 04:00:00,2025-09-17 13:00:00
A0046,2025-09-05 09:00:00,Visa Platinum,Mobile,Uptown,Small Business,Declined,2025-09-10 06:00:00,
A0047,2025-08-21 16:00:00,Travel Preferred,Call Center,Downtown,Individual,Approved,2025-08-29 13:00:00,2025-09-04 16:00:00
A0048,2025-08-20 09:00:00,Cash Rewards,Online,Eastside,Individual,Approved,2025-08-27 21:00:00,2025-09-08 08:00:00
A0049,2025-09-16 09:00:00,Cash Rewards,Online,Uptown,Small Business,Approved,2025-09-23 08:00:00,2025-09-30 13:00:00
A0050,2025-10-11 15:00:00,Travel Preferred,Online,Uptown,Individual,Declined,2025-10-15 22:00:00,
A0051,2025-08-23 15:00:00,Visa Platinum,Online,Westside,Joint,Declined,2025-08-26 18:00:00,
A0052,2025-09-01 13:00:00,Visa Platinum,Branch,Eastside,Individual,Declined,2025-09-05 19:00:00,
A0053,2025-08-29 12:00:00,Cash Rewards,Mobile,Westside,Individual,Approved,2025-09-04 01:00:00,2025-09-04 10:00:00
A0054,2025-08-25 15:00:00,Cash Rewards,Mobile,Downtown,Joint,Approved,2025-09-01 05:00:00,2025-09-12 03:00:00
A0055,2025-10-05 15:00:00,Travel Preferred,Mobile,Downtown,Individual,Declined,2025-10-10 06:00:00,
A0056,2025-09-03 11:00:00,Travel Preferred,Mobile,Downtown,Individual,Approved,2025-09-14 05:00:00,2025-09-16 00:00:00
A0057,2025-09-14 14:00:00,Cash Rewards,Branch,Eastside,Small Business,Approved,2025-09-19 06:00:00,2025-09-22 18:00:00
A0058,2025-08-06 15:00:00,Visa Platinum,Online,Westside,Joint,Approved,2025-08-15 19:00:00,2025-08-17 20:00:00
A0059,2025-09-12 14:00:00,Travel Preferred,Branch,Westside,Small Business,Approved,2025-09-15 14:00:00,2025-09-15 19:00:00
A0060,2025-09-22 14:00:00,Cash Rewards,Mobile,Uptown,Individual,Approved,2025-09-28 02:00:00,2025-10-01 10:00:00
A0061,2025-09-18 11:00:00,Travel Preferred,Mobile,Eastside,Small Business,Declined,2025-09-22 11:00:00,
A0062,2025-09-08 13:00:00,Visa Platinum,Call Center,Westside,Joint,Approved,2025-09-12 14:00:00,2025-09-20 03:00:00
A0063,2025-08-28 16:00:00,Travel Preferred,Online,Downtown,Joint,Approved,2025-08-30 22:00:00,2025-09-09 15:00:00
A0064,2025-09-12 10:00:00,Visa Platinum,Mobile,Uptown,Individual,Approved,2025-09-17 07:00:00,2025-09-26 21:00:00
A0065,2025-08-06 12:00:00,Cash Rewards,Branch,Eastside,Joint,Declined,2025-08-16 15:00:00,
A0066,2025-10-13 12:00:00,Travel Preferred,Call Center,Eastside,Joint,Approved,2025-10-16 07:00:00,2025-10-17 12:00:00
A0067,2025-08-01 10:00:00,Cash Rewards,Online,Uptown,Small Business,Approved,2025-08-07 11:00:00,2025-08-11 00:00:00
A0068,2025-08-07 12:00:00,Visa Platinum,Call Center,Uptown,Joint,Approved,2025-08-17 15:00:00,2025-08-18 23:00:00
A0069,2025-10-11 14:00:00,Cash Rewards,Call Center,Eastside,Individual,Declined,2025-10-25 05:00:00,
A0070,2025-09-30 16:00:00,Cash Rewards,Online,Westside,Small Business,Approved,2025-10-12 00:00:00,2025-10-17 02:00:00
A0071,2025-08-31 13:00:00,Cash Rewards,Branch,Westside,Individual,Approved,2025-09-08 01:00:00,2025-09-13 07:00:00
A0072,2025-09-10 10:00:00,Visa Platinum,Online,Uptown,Joint,Approved,2025-09-18 22:00:00,2025-09-20 04:00:00
A0073,2025-08-28 10:00:00,Cash Rewards,Call Center,Westside,Small Business,Approved,2025-09-09 03:00:00,2025-09-11 12:00:00
A0074,2025-08-08 12:00:00,Cash Rewards,Call Center,Downtown,Small Business,Approved,2025-08-16 11:00:00,2025-08-20 10:00:00
A0075,2025-08-01 14:00:00,Cash Rewards,Call Center,Eastside,Small Business,Declined,2025-08-05 03:00:00,
A0076,2025-10-09 12:00:00,Cash Rewards,Online,Westside,Joint,Approved,2025-10-13 11:00:00,2025-10-16 02:00:00
A0077,2025-09-19 14:00:00,Travel Preferred,Call Center,Uptown,Joint,Declined,2025-09-25 06:00:00,
A0078,2025-10-08 09:00:00,Cash Rewards,Branch,Downtown,Small Business,Approved,2025-10-17 08:00:00,2025-10-22 23:00:00
A0079,2025-09-29 11:00:00,Visa Platinum,Mobile,Eastside,Joint,Approved,2025-10-12 21:00:00,2025-10-17 03:00:00
A0080,2025-09-11 14:00:00,Cash Rewards,Mobile,Eastside,Joint,Declined,2025-09-17 21:00:00,
A0081,2025-09-30 09:00:00,Travel Preferred,Branch,Westside,Individual,Approved,2025-10-01 19:00:00,2025-10-04 22:00:00
A0082,2025-08-06 09:00:00,Visa Platinum,Online,Downtown,Small Business,Approved,2025-08-16 05:00:00,2025-08-22 12:00:00
A0083,2025-08-17 16:00:00,Travel Preferred,Branch,Uptown,Joint,Approved,2025-08-30 09:00:00,2025-09-05 11:00:00
A0084,2025-09-17 11:00:00,Travel Preferred,Branch,Uptown,Joint,Approved,2025-09-27 15:00:00,2025-10-07 23:00:00
A0085,2025-08-04 13:00:00,Travel Preferred,Call Center,Eastside,Small Business,Approved,2025-08-10 16:00:00,2025-08-19 00:00:00
A0086,2025-10-15 12:00:00,Visa Platinum,Mobile,Downtown,Small Business,Declined,2025-10-26 03:00:00,
A0087,2025-09-14 15:00:00,Travel Preferred,Mobile,Downtown,Small Business,Approved,2025-09-17 22:00:00,2025-09-21 08:00:00
A0088,2025-08-02 15:00:00,Cash Rewards,Branch,Eastside,Joint,Approved,2025-08-18 10:00:00,2025-08-21 07:00:00
A0089,2025-09-28 11:00:00,Cash Rewards,Online,Westside,Small Business,Declined,2025-10-07 14:00:00,
A0090,2025-10-08 16:00:00,Cash Rewards,Call Center,Westside,Joint,Declined,2025-10-17 01:00:00,
A0091,2025-08-12 13:00:00,Cash Rewards,Online,Eastside,Small Business,Approved,2025-08-16 03:00:00,2025-08-31 22:00:00
A0092,2025-09-18 14:00:00,Visa Platinum,Call Center,Westside,Individual,Approved,2025-09-28 08:00:00,2025-10-07 16:00:00
A0093,2025-09-15 13:00:00,Cash Rewards,Mobile,Westside,Small Business,Approved,2025-09-17 19:00:00,2025-09-27 03:00:00
A0094,2025-08-25 10:00:00,Visa Platinum,Call Center,Eastside,Small Business,Declined,2025-09-17 07:00:00,
A0095,2025-09-30 16:00:00,Cash Rewards,Branch,Downtown,Joint,Approved,2025-10-04 17:00:00,2025-10-14 15:00:00
A0096,2025-09-01 13:00:00,Travel Preferred,Mobile,Eastside,Small Business,Approved,2025-09-06 04:00:00,2025-09-09 11:00:00
A0097,2025-09-24 14:00:00,Cash Rewards,Call Center,Westside,Joint,Approved,2025-10-03 00:00:00,2025-10-07 04:00:00
A0098,2025-08-16 12:00:00,Cash Rewards,Branch,Uptown,Individual,Approved,2025-08-20 03:00:00,2025-08-26 03:00:00
A0099,2025-10-01 13:00:00,Travel Preferred,Mobile,Downtown,Individual,Approved,2025-10-03 17:00:00,2025-10-07 04:00:00
A0100,2025-09-16 11:00:00,Cash Rewards,Branch,Uptown,Joint,Approved,2025-09-23 00:00:00,2025-09-28 21:00:00
A0101,2025-08-07 13:00:00,Travel Preferred,Online,Eastside,Individual,Declined,2025-08-19 10:00:00,
A0102,2025-10-13 13:00:00,Cash Rewards,Call Center,Eastside,Joint,Approved,2025-10-19 12:00:00,2025-10-30 17:00:00
A0103,2025-08-07 13:00:00,Cash Rewards,Branch,Downtown,Joint,Approved,2025-08-10 04:00:00,2025-08-10 21:00:00
A0104,2025-10-13 09:00:00,Visa Platinum,Online,Westside,Individual,Declined,2025-10-16 01:00:00,
A0105,2025-08-16 15:00:00,Travel Preferred,Online,Eastside,Joint,Declined,2025-08-22 16:00:00,
A0106,2025-09-08 15:00:00,Cash Rewards,Branch,Downtown,Individual,Approved,2025-09-09 23:00:00,2025-09-10 13:00:00
A0107,2025-09-03 10:00:00,Visa Platinum,Online,Uptown,Small Business,Approved,2025-09-06 18:00:00,2025-09-09 17:00:00
A0108,2025-08-01 15:00:00,Cash Rewards,Call Center,Westside,Individual,Approved,2025-08-09 12:00:00,2025-08-15 18:00:00
A0109,2025-09-06 16:00:00,Visa Platinum,Online,Westside,Small Business,Approved,2025-09-12 10:00:00,2025-09-14 05:00:00
A0110,2025-08-26 15:00:00,Visa Platinum,Online,Uptown,Joint,Declined,2025-08-30 23:00:00,
A0111,2025-08-10 09:00:00,Visa Platinum,Mobile,Westside,Joint,Approved,2025-08-17 21:00:00,2025-08-21 16:00:00
A0112,2025-09-08 15:00:00,Cash Rewards,Call Center,Eastside,Individual,Approved,2025-09-11 14:00:00,2025-09-13 15:00:00
A0113,2025-09-25 14:00:00,Travel Preferred,Mobile,Downtown,Individual,Approved,2025-09-27 12:00:00,2025-10-03 19:00:00
A0114,2025-10-13 09:00:00,Travel Preferred,Mobile,Downtown,Individual,Approved,2025-10-20 09:00:00,2025-10-22 17:00:00
A0115,2025-09-26 13:00:00,Visa Platinum,Call Center,Eastside,Individual,Approved,2025-09-30 23:00:00,2025-10-02 23:00:00
A0116,2025-09-22 14:00:00,Cash Rewards,Branch,Uptown,Joint,Approved,2025-10-04 22:00:00,2025-10-07 21:00:00
A0117,2025-10-03 13:00:00,Travel Preferred,Call Center,Downtown,Joint,Approved,2025-10-04 19:00:00,2025-10-06 04:00:00
A0118,2025-09-02 14:00:00,Visa Platinum,Call Center,Downtown,Small Business,Declined,2025-09-07 22:00:00,
A0119,2025-09-29 15:00:00,Visa Platinum,Online,Westside,Small Business,Declined,2025-10-12 21:00:00,
A0120,2025-09-26 09:00:00,Visa Platinum,Mobile,Uptown,Joint,Approved,2025-10-01 12:00:00,2025-10-10 01:00:00
