{
  "$schema": "https://json-schema.org/draft/2020-12/schema",
  "$id": "https://example.org/schemas/report-export.v1.json",
  "title": "ReportExport",
  "type": "object",
  "additionalProperties": false,
  "required": [
    "id",
    "generatedAt",
    "rows"
  ],
  "properties": {
    "id": {
      "type": "string",
      "format": "uuid"
    },
    "generatedAt": {
      "type": "string",
      "format": "date-time"
    },
    "rows": {
      "type": "array",
      "items": {
        "type": "object",
        "additionalProperties": true
      }
    },
    "meta": {
      "type": "object",
      "additionalProperties": true
    }
  }
}