{
  "visual": {
    "name": "pbi_react_d3_pro",
    "displayName": "React D3 Visual",
    "guid": "pbiReactD3Pro",
    "visualClassName": "Visual",
    "version": "1.0.0",
    "description": "A React + D3 Power BI Visual Scaffold",
    "supportUrl": "https://example.com",
    "gitHubUrl": "https://github.com/example"
  },
  "apiVersion": "5.2.0",
  "author": {
    "name": "Developer",
    "email": "developer@example.com"
  },
  "assets": {
    "icon": "assets/icon.png"
  },
  "capabilities": {
    "dataRoles": [
      {
        "name": "category",
        "kind": "Grouping"
      },
      {
        "name": "measure",
        "kind": "Measure"
      }
    ],
    "dataViewMappings": [
      {
        "categorical": {
          "categories": [
            {
              "for": {
                "in": "category"
              }
            }
          ],
          "values": [
            {
              "for": {
                "in": "measure"
              }
            }
          ]
        }
      }
    ],
    "objects": {
      "settings": {
        "displayName": "Settings",
        "properties": {
          "circleColor": {
            "displayName": "Circle Color",
            "type": {
              "fill": {}
            }
          },
          "circleRadius": {
            "displayName": "Circle Radius",
            "type": {
              "numeric": {}
            }
          }
        }
      }
    }
  }
}