{
  "$schema": "https://vega.github.io/schema/vega-lite/v5.json",
  "description": "Avg Stage Days by Stage",
  "data": {
    "name": "dataset"
  },
  "mark": "bar",
  "encoding": {
    "x": {
      "field": "stages[StageName]",
      "type": "nominal",
      "sort": {
        "field": "stages[StageOrder]",
        "order": "ascending"
      }
    },
    "y": {
      "aggregate": "mean",
      "field": "KPI[Avg Stage Days]",
      "type": "quantitative"
    },
    "tooltip": [
      {
        "field": "stages[StageName]",
        "type": "nominal"
      },
      {
        "aggregate": "mean",
        "field": "KPI[Avg Stage Days]",
        "type": "quantitative",
        "title": "Avg Days"
      }
    ]
  }
}