{
  "$schema": "https://vega.github.io/schema/vega-lite/v5.json",
  "description": "Funnel (Reached Stage Apps)",
  "data": {
    "name": "dataset"
  },
  "transform": [
    {
      "window": [
        {
          "op": "rank",
          "as": "rank"
        }
      ],
      "sort": [
        {
          "field": "stages[StageOrder]",
          "order": "ascending"
        }
      ]
    }
  ],
  "mark": {
    "type": "bar"
  },
  "encoding": {
    "y": {
      "field": "stages[StageName]",
      "type": "nominal",
      "sort": {
        "field": "stages[StageOrder]",
        "order": "ascending"
      }
    },
    "x": {
      "aggregate": "sum",
      "field": "KPI[Reached Stage Apps]",
      "type": "quantitative"
    },
    "tooltip": [
      {
        "field": "stages[StageName]",
        "type": "nominal"
      },
      {
        "aggregate": "sum",
        "field": "KPI[Reached Stage Apps]",
        "type": "quantitative",
        "title": "Apps"
      }
    ]
  }
}